,Unnamed: 0,oid,expid,hjd,mjd,mag,magerr,catflags,filtercode,ra,dec,chi,sharp,filefracday,field,ccdid,qid,limitmag,magzp,magzprms,clrcoeff,clrcounc,exptime,airmass,programid
0,0,480106400003780,44937636,2458203.8802554742,58203.376365699994,18.310585,0.0426107235,0,zg,234.5481931,3.0278715,1.45200002,0.149000004,20180326376354,480,0x6,0x4,20.6000004,26.2599468,0.0369636677,-0.0898749977,2.44617968e-05,30,1.32200003,1
1,1,480106400003780,44939733,2458203.901229207,58203.397338,18.299366,0.0423064008,0,zg,234.54813900000002,3.0278313,1.66999996,0.200000003,20180326397280,480,0x6,0x4,20.8400002,26.2607021,0.034827549,-0.0398023091,1.75489313e-05,30,1.24000001,1
2,2,480106400003780,45238023,2458206.8843189455,58206.38023150001,18.366396,0.0441696681,0,zg,234.54815719999996,3.0278591,1.76600003,0.252000004,20180329380185,480,0x6,0x4,20.5900002,26.2917652,0.0360893235,-0.0480368659,2.36578962e-05,30,1.27100003,1
3,3,480106400003780,45240806,2458206.9121563444,58206.4080671,18.4112644,0.0454786196,0,zg,234.54813959999998,3.0278514,1.99899995,0.239999995,20180329407974,480,0x6,0x4,20.5699997,26.3109398,0.0353926271,-0.0469668321,2.2615773600000007e-05,30,1.19000006,1
4,4,480106400003780,45638936,2458210.89369828,58210.389363400005,18.3665352,0.0441736616,0,zg,234.5481275,3.0279247000000002,0.501999974,0.0270000007,20180402389352,480,0x6,0x4,19.2999992,26.1572819,0.0441124924,-0.0177787319,9.16086283e-05,30,1.20799994,1
5,5,480106400003780,47533518,2458229.8404063117,58229.3351852,18.3059063,0.0424834341,0,zg,234.5481657,3.0278662,1.60899997,0.0560000017,20180421335174,480,0x6,0x4,21.1399994,26.298849100000005,0.0341324434,-0.117017537,1.57505583e-05,30,1.21399999,1
6,6,480106400003780,47827174,2458232.7770605246,58232.2717477,18.2190742,0.0402138904,0,zg,234.5481779,3.0278897000000002,1.09899998,0.0879999995,20180424271736,480,0x6,0x4,20.0499992,26.1318836,0.0373951867,-0.0441738255,3.21693478e-05,30,1.47300005,1
7,7,480106400003780,48129951,2458235.804907857,58235.299513900005,18.3714027,0.0443132408,0,zg,234.54812569999999,3.0278805,1.28799999,0.175999999,20180427299514,480,0x6,0x4,20.2199993,26.2591209,0.0364973582,-0.025271615,2.98670566e-05,30,1.27699995,1
8,8,480106400003780,48133380,2458235.839202714,58235.3338079,18.1354485,0.0381877646,0,zg,234.5481256,3.0278624,0.601000011,0.0469999984,20180427333646,480,0x6,0x4,19.8299999,26.2696915,0.0405836701,0.00142222003,4.69779334e-05,30,1.17999995,1
9,9,480106400003780,48229290,2458236.7983226515,58236.2929051,18.3145599,0.0427192822,0,zg,234.54819890000002,3.0279581,0.639999986,0.116999999,20180428292859,480,0x6,0x4,19.5599995,26.1920013,0.0394186452,-0.0116529511,5.77385399e-05,30,1.29299998,2
10,10,480106400003780,48331335,2458237.8187967627,58237.3133565,18.4737663,0.0473877266,0,zg,234.54819269999996,3.0277272,1.05900002,0.216999993,20180429312766,480,0x6,0x4,19.2000008,26.1713066,0.0401611887,-0.0100204116,7.58186143e-05,30,1.21399999,2
11,11,480106400003780,49233517,2458246.840745193,58246.3351736,18.2573929,0.0411940292,0,zg,234.5481757,3.0279255000000003,2.97600007,0.209000006,20180508335162,480,0x6,0x4,21.2099991,26.2674923,0.0286350437,-0.0207429193,1.12166535e-05,30,1.14499998,1
12,12,480106400003780,50133562,2458255.84120182,58255.335625,18.3252239,0.0430123322,0,zg,234.54814190000002,3.0278658,3.10899997,0.381999999,20180517335324,480,0x6,0x4,21.7299995,26.261007300000006,0.0265467186,-0.0396974869,9.021887310000003e-06,30,1.148,1
13,13,480106400003780,50429291,2458258.7984677004,58258.2929167,18.2376366,0.0406845585,0,zg,234.548182,3.0278736,2.56299996,0.17299999300000002,20180520292558,480,0x6,0x4,21.3500004,26.2070789,0.034786451600000004,-0.0323339067,1.5919496900000006e-05,30,1.15100002,1
14,14,480106400003780,51529260,2458269.7979425327,58269.292604199996,18.2252884,0.040370594700000005,0,zg,234.54820049999998,3.0278194,0.7580000159999999,0.115000002,20180531292245,480,0x6,0x4,19.7700005,26.280435600000004,0.0390546136,-0.00121627259,4.44162724e-05,30,1.14600003,1
15,15,480106400003780,51825131,2458272.756569974,58272.2513194,18.3202381,0.042874988200000005,0,zg,234.54815980000004,3.0279037,3.76099992,0.270999998,20180603251308,480,0x6,0x4,21.360000600000006,26.247364,0.0300999992,-0.0470342524,1.2274247599999997e-05,30,1.15499997,1
16,16,480106400003780,52126607,2458275.7712246273,58275.2660764,18.302103,0.0423803739,0,zg,234.54816119999998,3.0278664,3.3499999,0.36500001,20180606266065,480,0x6,0x4,21.7800007,26.262519800000003,0.024616668,-0.0415633731,8.22407583e-06,30,1.14300001,1
17,17,480106400003780,52929086,2458283.795682105,58283.2908681,18.4110947,0.0454735868,0,zg,234.54811899999999,3.0279176,3.36400008,0.35600000600000004,20180614290799,480,0x6,0x4,21.8899994,26.291557300000004,0.0247820672,-0.0664343685,7.98266046e-06,30,1.19400001,1
18,18,480106400003780,53225335,2458286.758025323,58286.253356500005,18.3468742,0.0436157733,0,zg,234.548159,3.027893,3.17199993,0.349999994,20180617253322,480,0x6,0x4,21.7800007,26.3018703,0.0258689504,-0.0775462762,8.59279498e-06,30,1.15100002,1
19,19,480106400003780,53520865,2458289.7131702816,58289.2086574,18.2354145,0.0406278111,0,zg,234.5481633,3.0278745,1.09200001,0.0949999988,20180620208623,480,0x6,0x4,20.5599995,26.2504387,0.0409009159,-0.020582376,2.9233353399999995e-05,30,1.153,1
20,20,480106400003780,53821100,2458292.715350467,58292.2110069,18.4122238,0.045507174,0,zg,234.5481786,3.0278598,2.39499998,0.34599998600000004,20180623210972,480,0x6,0x4,20.670000100000006,26.2723923,0.0348326713,-0.0115973856,2.10394901e-05,30,1.14699996,1
21,21,480106400003780,54120994,2458295.7141060364,58295.2099421,18.2517414,0.041047398,0,zg,234.54815209999998,3.0279172,1.301,0.261000007,20180626209942,480,0x6,0x4,19.9400005,26.2541084,0.041140329100000005,-0.006217705089999999,4.3750777e-05,30,1.14600003,1
22,22,480106400003780,54419016,2458298.694137477,58298.190162,18.3791447,0.044536452699999986,0,zg,234.54807940000003,3.0279303,0.546000004,0.0130000003,20180629190150,480,0x6,0x4,20.2800007,26.3005924,0.0397738107,-0.0956202224,3.3864325799999995e-05,30,1.14999998,1
23,23,480106400003780,54725339,2458301.7571631046,58301.25339119999,18.435527800000006,0.046207726,0,zg,234.548137,3.0278735,2.85899997,0.351000011,20180702253391,480,0x6,0x4,21.1900005,26.250803,0.0277693104,-0.07510770110000001,1.06441539e-05,30,1.22500002,1
24,24,480106400003780,55019138,2458304.6949566314,58304.191388900006,18.3384495,0.0433796123,0,zg,234.5481645,3.0278881,3.42600012,0.465000004,20180705191377,480,0x6,0x4,21.7099991,26.2200565,0.0251771137,-0.06744700669999999,8.41397377e-06,30,1.148,1
25,25,480106400003780,55923199,2458313.7348802425,58313.23199069999,18.4766483,0.0474781916,0,zg,234.5481059,3.0279876,2.44300008,0.182999998,20180714231956,480,0x6,0x4,21.3299999,26.162466,0.0312375482,-0.130445331,1.27103885e-05,30,1.26300001,1
26,26,480106400003780,56216943,2458316.672087794,58316.1694329,18.3912888,0.044889614,0,zg,234.5481506,3.0278967999999997,1.99600005,0.312999994,20180717169421,480,0x6,0x4,20.8299999,26.1025829,0.0341022275,-0.035446424,1.80937877e-05,30,1.153,1
27,27,480106400003780,57416657,2458328.668214757,58328.166574099996,18.4237137,0.0458508134,0,zg,234.5481635,3.0278764,1.74300003,0.27700001,20180729165440,480,0x6,0x4,20.7800007,26.195776,0.0325941518,-0.0510032885,1.73867829e-05,30,1.19599998,1
29,29,480106400003780,57727292,2458331.774294836,58331.27292819999,18.3439217,0.0435327999,0,zg,234.5480932,3.0279142000000006,1.59899998,0.191,20180801272917,480,0x6,0x4,20.1200008,25.9228497,0.040844962,-0.00597302802,3.871851e-05,30,2.07299995,1
30,30,480106400003780,58017560,2458334.6767096464,58334.1756019,18.3215828,0.0429119729,0,zg,234.5481373,3.0278837000000003,2.64899993,0.363000005,20180804175602,480,0x6,0x4,21.3500004,26.1436291,0.0273618009,-0.0164086819,9.85269071e-06,30,1.26999998,1
31,31,480106400003780,58317021,2458337.6710580704,58337.1702199,18.2762318,0.0416882448,0,zg,234.5481633,3.0279197,3.38400006,0.386000007,20180807170220,480,0x6,0x4,21.4300003,26.1939297,0.0257861596,-0.0109741297,8.90623505e-06,30,1.28100002,1
32,32,480106400003780,59117780,2458345.6779115577,58345.177800900005,18.2754364,0.0416671857,0,zg,234.54818340000003,3.0279092999999997,2.00200009,0.319999993,20180815177801,480,0x6,0x4,21.0400009,26.1427383,0.0295256507,-0.010931503,1.27925969e-05,30,1.43400002,1
33,33,480106400003780,60915510,2458363.653606846,58363.15510419999,18.3567715,0.0438954011,0,zg,234.54813240000001,3.0279199,1.75699997,0.111000001,20180902155104,480,0x6,0x4,20.9300003,26.1189919,0.030838998,-0.0316919796,1.4194851199999998e-05,30,1.62800002,1
34,34,480106400003780,73854525,2458493.042581968,58492.5452546,18.3989258,0.0451136343,0,zg,234.5481688,3.0278894,2.0940001,0.222000003,20190109545255,480,0x6,0x4,21.1299992,25.9672947,0.0329199396,-0.050255958,1.48847612e-05,30,1.58599997,1
35,35,480106400003780,75149703,2458505.9954505786,58505.497037,17.8161049,0.0317341052,0,zg,234.54805130000003,3.0277652,0.635999978,0.160999998,20190122497025,480,0x6,0x4,18.3199997,26.1965141,0.0531065576,-0.050053600199999985,0.000352099945,30,1.72000003,1
36,36,480106400003780,75355481,2458508.0534108607,58507.5548148,18.389141100000003,0.0448269099,0,zg,234.5482556,3.0278918999999997,0.633000016,0.0680000037,20190124554803,480,0x6,0x4,20.2999992,26.254446,0.0383505821,-0.0565017872,3.1504459899999995e-05,30,1.273,1
37,37,480106400003780,77254427,2458527.0446173917,58526.544270800005,18.3213673,0.0429060347,0,zg,234.54816639999999,3.0279167,1.09599996,0.0560000017,20190212544271,480,0x6,0x4,20.5400009,25.8701859,0.0385460407,-0.031786494,2.58371365e-05,30,1.16600001,1
38,38,480106400003780,78646162,2458540.963248501,58540.4616204,18.3208427,0.0428916067,0,zg,234.5481512,3.0278604,3.3599999,0.446999997,20190226461586,480,0x6,0x4,21.0400009,26.2267342,0.0302220117,-0.0299884398,1.30681701e-05,30,1.28600001,1
39,39,480106400003780,78950429,2458544.0061935736,58543.504294000006,18.3316669,0.0431907251,0,zg,234.54820049999998,3.0278799,1.49399996,0.159999996,20190301504294,480,0x6,0x4,20.7999992,25.7276287,0.0400282033,-0.0284113176,2.5539377e-05,30,1.15699995,1
40,40,480106400003780,79339637,2458547.8986169267,58547.3963773,18.2093849,0.0399712883,0,zg,234.5481647,3.0278668,1.47899997,0.0989999995,20190305396331,480,0x6,0x4,20.9699993,26.1545181,0.032667715099999994,-0.0242078453,1.50970654e-05,30,1.57500005,1
41,41,480106400003780,80441859,2458558.921745636,58558.4185995,18.3629951,0.0440724976,0,zg,234.5481764,3.0278792,1.24399996,0.0850000009,20190316418553,480,0x6,0x4,20.6399994,26.2710876,0.0389125198,-0.102695286,2.5186469399999995e-05,30,1.26199996,1
42,42,480106400003780,81439827,2458568.902149543,58568.398275499996,18.2586365,0.0412264243,0,zg,234.548166,3.0278853,2.22099996,0.360000014,20190326398275,480,0x6,0x4,20.610000600000006,26.1540985,0.0348609239,-0.0134510491,2.15346754e-05,30,1.23800004,1
43,43,480106400003780,81939626,2458573.9004604374,58573.39626159999,18.250738100000003,0.0410214253,0,zg,234.5481648,3.0278754,2.13499999,0.134000003,20190331396123,480,0x6,0x4,21.1200008,26.1752815,0.0302728601,-0.0428765416,1.25773386e-05,30,1.20500004,1
44,44,480106400003780,83044576,2458584.9505718187,58584.4457639,18.3131809,0.0426815785,0,zg,234.5481546,3.0278725,0.875999987,-0.004000000189999999,20190411445764,480,0x6,0x4,21.1299992,26.2491665,0.0305924714,-0.105128124,1.3078502e-05,30,1.15699995,1
46,46,480106400003780,83723093,2458591.7360378285,58591.2309375,18.0447464,0.0361566916,0,zg,234.5482147,3.0279906000000003,0.541999996,-0.0430000015,20190418230926,480,0x6,0x4,18.5799999,25.9577847,0.0439165793,-0.009167362940000002,0.00014861043,30,2.23799992,1
47,47,480106400003780,84027457,2458594.779782131,58594.27457180001,18.2210026,0.0402624346,0,zg,234.54813340000004,3.0279133999999996,0.518000007,-0.004000000189999999,20190421274560,480,0x6,0x4,19.0400009,26.1752987,0.042262457300000014,-0.0666270033,0.000100362602,30,1.51900005,1
48,48,480106400003780,84346071,2458597.9660285665,58597.4607176,18.426548,0.0459361225,0,zg,234.54812909999998,3.0278929,2.30599999,0.289000005,20190424460706,480,0x6,0x4,20.8799992,26.2152023,0.0326956846,-0.0562170967,1.60775708e-05,30,1.28100002,1
50,50,480106400003780,84638626,2458600.89165166,58600.3862616,18.2905884,0.0420703851,0,zg,234.54815159999998,3.0278810000000003,3.03900003,0.419,20190427385660,480,0x6,0x4,21.8099995,26.2355347,0.0255646389,-0.0606910847,8.635244740000001e-06,30,1.14400005,1
51,51,480106400003780,85243651,2458606.942028501,58606.436516199996,18.4451752,0.046501837699999986,0,zg,234.5481346,3.0278637,2.84899998,0.360000014,20190503436516,480,0x6,0x4,21.7900009,26.191913600000003,0.0266186688,-0.0830158666,9.38134235e-06,30,1.28199995,1
52,52,480106400003780,86227321,2458616.7788075428,58616.2732176,18.3589287,0.0439566858,0,zg,234.54815589999998,3.0278615,1.51999998,0.189999998,20190513273206,480,0x6,0x4,20.920000100000006,26.1410923,0.0322600156,-0.0419959351,1.57426894e-05,30,1.22000003,1
53,53,480106400003780,86527325,2458619.77883598,58619.2732523,18.356678,0.0438927636,0,zg,234.5481807,3.0279578,0.605000019,0.120999999,20190516273252,480,0x6,0x4,19.5200005,26.1287899,0.0380133986,-0.0328940488,5.86782735e-05,30,1.199,1
54,54,480106400003780,88227309,2458636.778379236,58636.2730903,18.3913116,0.0448903143,0,zg,234.54810780000003,3.0278956000000004,4.29899979,0.481000006,20190602273090,480,0x6,0x4,21.9400005,26.1936798,0.0248203296,-0.0680825487,8.04460069e-06,30,1.14199996,1
55,55,480106400003780,88525233,2458639.757530945,58639.252338,18.326265300000006,0.04304111,0,zg,234.54816,3.027884,3.0250001,0.335000008,20190605252338,480,0x6,0x4,21.5900002,26.1919975,0.0260658115,-0.0519375838,8.92696971e-06,30,1.148,1
56,56,480106400003780,88829659,2458642.801678965,58642.2965972,18.376836800000003,0.044469751399999986,0,zg,234.548137,3.0279101,3.01099992,0.32100001,20190608296586,480,0x6,0x4,21.8500004,26.270126300000005,0.0253184494,-0.0972316042,8.43195721e-06,30,1.16900003,1
57,57,480106400003780,89123109,2458645.736061913,58645.2310995,18.3178425,0.0428091884,0,zg,234.5481296,3.0279055,0.889999986,0.074000001,20190611231100,480,0x6,0x4,20.3799992,26.2025318,0.0522007607,-0.0515704229,5.44226677e-05,30,1.15199995,1
58,58,480106400003780,89817226,2458652.676903043,58652.17226849999,18.4468765,0.046553947000000005,0,zg,234.5481304,3.0279112,1.35899997,0.191,20190618172269,480,0x6,0x4,20.3199997,26.179830600000006,0.0376354307,-0.0865088478,3.1316551e-05,30,1.22800004,1
59,59,480106400003780,90123193,2458655.7364035123,58655.2319329,18.288030600000006,0.0420019329,0,zg,234.5481166,3.0279048,0.69599998,0.004000000189999999,20190621231887,480,0x6,0x4,21.0400009,26.2442188,0.032101512,-0.07850973309999999,1.49953266e-05,30,1.14199996,1
60,60,480106400003780,90421133,2458658.7156310785,58658.21133099999,18.3268738,0.043057914800000006,0,zg,234.5481958,3.0278981,3.26999998,0.312000006,20190624211319,480,0x6,0x4,21.7600002,26.1980591,0.0263592787,-0.06495904179999999,9.62260765e-06,30,1.14199996,1
61,61,480106400003780,90721184,2458661.7159581683,58661.2118403,18.3865395,0.0447510593,0,zg,234.5481952,3.0279078999999998,2.98099995,0.28099998800000003,20190627211806,480,0x6,0x4,21.5300007,26.2287941,0.0274423212,-0.0777286664,1.0212166699999997e-05,30,1.14199996,1
62,62,480106400003780,91119017,2458665.694034431,58665.19017359999,18.3239212,0.0429763757,0,zg,234.5481494,3.0278679,2.95099998,0.375999987,20190701190174,480,0x6,0x4,21.7000008,26.2407379,0.025752401,-0.0639869794,9.05282923e-06,30,1.14300001,1
63,63,480106400003780,92020494,2458674.7081613517,58674.2049421,18.4471588,0.0465626083,0,zg,234.5481633,3.0278837000000003,2.579,0.286000013,20190710204942,480,0x6,0x4,20.7800007,26.2282352,0.0339061916,-0.0605743937,1.79391318e-05,30,1.16199994,1
64,64,480106400003780,92332422,2458677.8272047644,58677.3242245,18.4927444,0.0479876697,0,zg,234.5481004,3.0279034,0.81099999,0.142000005,20190713324074,480,0x6,0x4,19.860000600000006,26.0427074,0.0446879491,-0.053935792300000014,6.0676611600000014e-05,30,2.01999998,1
65,65,480106400003780,92616858,2458680.6713438705,58680.168588,18.2243233,0.0403462201,0,zg,234.5481394,3.0278536,0.5139999989999999,0.0149999997,20190716168588,480,0x6,0x4,19.6399994,26.2600574,0.038349878,-0.059951812,5.2408973700000013e-05,30,1.14400005,1
66,66,480106400003780,92919046,2458683.692973976,58683.190463,18.3395748,0.0434110612,0,zg,234.548181,3.0278521,2.09599996,0.256999999,20190719190394,480,0x6,0x4,20.9799995,26.238943100000004,0.0310029034,-0.081649445,1.38071291e-05,30,1.17900002,1
67,67,480106400003780,93218998,2458686.69225033,58686.18998840001,18.3448257,0.0435581654,0,zg,234.54807819999996,3.0278791000000003,2.41700006,0.28499999600000003,20190722189988,480,0x6,0x4,21.0400009,25.939085,0.050970487300000006,-0.0570053309,3.82390535e-05,30,1.19500005,1
68,68,480106400003780,93819076,2458692.692512201,58692.190763900006,18.3501644,0.043708466,0,zg,234.5481531,3.0278799,3.36199999,0.430999994,20190728190764,480,0x6,0x4,21.7000008,26.2115555,0.0267171729,-0.0682310164,9.79499782e-06,30,1.24199998,1
69,69,480106400003780,95124871,2458705.749297393,58705.2487153,18.500635100000004,0.0482399389,0,zg,234.5480562,3.0279008,1.62300003,0.221000001,20190810248715,480,0x6,0x4,20.110000600000006,26.0316677,0.0395758264,-0.0395884253,3.79742341e-05,30,2.03699994,1
70,70,480106400003780,95417430,2458708.6746219182,58708.1743056,18.4441814,0.046471417,0,zg,234.5481384,3.0278707000000002,2.05100012,0.289000005,20190813174294,480,0x6,0x4,20.5900002,26.1801758,0.0350682661,-0.0480792299,2.21548325e-05,30,1.35699999,1
71,71,480106400003780,96115326,2458715.652945917,58715.15326390001,18.3667583,0.044180043,0,zg,234.54818140000003,3.0278829,3.14299989,0.405000001,20190820153252,480,0x6,0x4,21.4099998,26.1723175,0.026445254700000004,-0.0492043197,9.43654777e-06,30,1.347,1
72,72,480106400003780,96415550,2458718.6549199563,58718.155509300006,18.4415016,0.04638955,0,zg,234.5482077,3.0278593999999996,1.704,0.187999994,20190823155509,480,0x6,0x4,21.2600002,26.1515446,0.030220544,-0.06786146009999999,1.26217847e-05,30,1.40699995,1
73,73,480106400003780,96915173,2458723.6506997054,58723.15173609999,18.3813782,0.0446011461,0,zg,234.54816,3.0278662,2.3829999,0.388999999,20190828151736,480,0x6,0x4,21.239999800000003,26.1128311,0.030671224,-0.0757727027,1.29590617e-05,30,1.47300005,1
74,74,480106400003780,97216561,2458726.664311252,58726.16561340001,18.332592,0.0432164222,0,zg,234.5481369,3.0278932000000003,2.38100004,0.296000004,20190831165613,480,0x6,0x4,21.110000600000006,26.076561,0.029829639900000007,-0.0520561822,1.2543975599999997e-05,30,1.67200005,1
75,75,480106400003780,98016960,2458734.667619468,58734.16960650001,18.3027649,0.0423982814,0,zg,234.54811719999998,3.0279173,1.12800002,-0.0769999996,20190908169595,480,0x6,0x4,19.9300003,26.044529,0.043509021399999986,-0.021684885,5.05399003e-05,30,2.03800011,1
76,76,480106400003780,109852442,2458853.02134552,58852.524421300004,18.298502,0.0422830805,0,zg,234.5481142,3.0278389999999997,1.70700002,0.152999997,20200104524410,480,0x6,0x4,20.860000600000006,26.1394653,0.045365456500000005,-0.0689919591,3.12470293e-05,30,2.05299997,1
77,77,480106400003780,110750356,2458862.0011897287,58861.5035648,18.0523529,0.0363206044,0,zg,234.5479642,3.0280502,0.7099999790000001,0.273000002,20200113503553,480,0x6,0x4,18.9400005,26.1427879,0.0436631516,-0.0366281159,0.000109307228,30,1.98699999,1
78,78,480106400003780,111954825,2458874.0469142147,58873.5482523,18.3944016,0.044980764400000005,0,zg,234.54810580000003,3.027852,2.14299989,0.160999998,20200125548252,480,0x6,0x4,21.4099998,26.2962284,0.0538344793,-0.142170891,4.04609891e-05,30,1.29100001,1
79,79,480106400003780,112254168,2458877.0406219475,58876.5416898,18.4620533,0.0470221899,0,zg,234.5481509,3.0278682,3.50300002,0.377999991,20200128541678,480,0x6,0x4,21.6499996,26.2903042,0.0471905731,-0.122394346,3.00296233e-05,30,1.28400004,1
80,80,480106400003780,112552085,2458880.0200609732,58879.52085650001,18.2253399,0.0403718837,0,zg,234.54816580000002,3.0278361,1.50699997,0.057,20200131520856,480,0x6,0x4,20.7900009,26.2389984,0.0497009195,-0.0686705187,3.83562583e-05,30,1.34200001,1
81,81,480106400003780,113146273,2458885.962486098,58885.4627315,18.275362,0.0416652337,0,zg,234.5482508,3.0278338,0.605000019,-0.0,20200206462731,480,0x6,0x4,19.6800003,26.2342644,0.0402557403,-0.0382356569,5.10360624e-05,30,1.653,1
82,82,480106400003780,113747917,2458891.9794943663,58891.479178199996,18.3468895,0.0436162055,0,zg,234.5481245,3.02793,0.976999998,0.128000006,20200212479178,480,0x6,0x4,20.2999992,26.2863617,0.0385998301,-0.0549576692,3.12964221e-05,30,1.39100003,1
83,83,480106400003780,115054659,2458905.048119937,58904.5465972,18.253322600000004,0.0410883464,0,zg,234.5481552,3.0279006,1.60699999,0.0379999988,20200225546597,480,0x6,0x4,21.0100002,26.2853165,0.047665365,-0.093265675,3.34760043e-05,30,1.14100003,1
85,85,480106400003780,116046071,2458914.963112064,58914.4607176,18.3815022,0.0446047373,0,zg,234.5481436,3.0278954,1.66299999,0.257999986,20200306460718,480,0x6,0x4,20.110000600000006,25.6752586,0.0523822531,-0.051887504800000005,7.47338709e-05,30,1.20899999,1
86,86,480106400003780,118941900,2458943.923485328,58943.4190046,18.4238625,0.0458552912,0,zg,234.54815589999998,3.0278576,1.76199996,0.268000007,20200404419005,480,0x6,0x4,20.7099991,26.2658653,0.0360973217,-0.0611693151,2.23945681e-05,30,1.148,1
87,87,480106400003780,120039839,2458954.9034085358,58954.3983912,18.3213367,0.0429051854,0,zg,234.5481191,3.0278718,3.09200001,0.189999998,20200415398333,480,0x6,0x4,21.1399994,26.254652,0.0519973487,-0.10730657,3.89752859e-05,30,1.14300001,1
88,88,480106400003780,121035607,2458964.8614335787,58964.35607640001,18.3245831,0.0429946631,0,zg,234.5481357,3.0278494,2.22199988,0.194000006,20200425356007,480,0x6,0x4,21.4599991,26.267931,0.0286961254,-0.0538230799,1.0693083800000002e-05,30,1.153,1
89,89,480106400003780,121329206,2458967.7974892696,58967.2920602,18.4208965,0.0457662493,0,zg,234.5481444,3.0279152999999996,2.29399991,0.181999996,20200428292060,480,0x6,0x4,21.420000100000006,26.2373772,0.0516285188,-0.144380912,3.50639129e-05,30,1.28900003,1
90,90,480106400003780,121629547,2458970.8009635117,58970.2954745,18.4032459,0.0452409908,0,zg,234.5481267,3.0278492000000004,3.09299994,0.307999998,20200501295463,480,0x6,0x4,21.1800003,26.3178482,0.034938924,-0.0880913585,1.6771034999999998e-05,30,1.24600005,1
91,91,480106400003780,121927071,2458973.7762523,58973.2707176,18.4318333,0.0460957363,0,zg,234.5481227,3.0278589,0.947000027,0.0979999974,20200504270718,480,0x6,0x4,20.3099995,26.2887745,0.035948663900000004,-0.0657800138,2.7660617e-05,30,1.31099999,1
93,93,480106400003780,123731355,2458991.819072092,58991.313553199994,17.9929008,0.0350693725,0,zg,234.5481825,3.0278638,2.26600003,0.231999993,20200522313021,480,0x6,0x4,21.5300007,26.2989845,0.0590381213,-0.13065581,4.644345970000001e-05,30,1.14300001,1
94,94,480106400003780,124027112,2458994.7765910686,58994.271122699996,17.8391781,0.032138355099999995,0,zg,234.548192,3.0278808999999995,2.39599991,0.296000004,20200525271123,480,0x6,0x4,21.8199997,26.278175399999995,0.0578653328,-0.142728865,4.49600702e-05,30,1.15600002,1
96,96,480106400003780,124737462,2459001.879922964,59001.3746296,17.7716827,0.0309805553,0,zg,234.5481996,3.0278617999999997,2.625,0.305000007,20200601374630,480,0x6,0x4,20.8799992,26.2363453,0.0330786966,-0.0546882153,1.7550377399999994e-05,30,1.37399995,1
97,97,480106400003780,125122903,2459005.734207096,59005.22903940001,17.9522285,0.0342522711,0,zg,234.5482165,3.0278661000000002,0.688000023,0.0930000022,20200605229039,480,0x6,0x4,19.860000600000006,26.3490925,0.0395302027,-0.0449448489,5.03223673e-05,30,1.17299998,1
98,98,480106400003780,125729112,2459011.796050677,59011.2911227,18.0266876,0.035772036800000004,0,zg,234.5481896,3.0278542,2.43099999,0.201000005,20200611291111,480,0x6,0x4,21.4599991,26.0898399,0.0566430017,-0.132249594,4.41580523e-05,30,1.17700005,1
101,101,480106400003780,126923489,2459023.739209695,59023.23489580001,18.232725100000003,0.0405592732,0,zg,234.54812740000003,3.0278582000000003,3.30999994,0.351999998,20200623234896,480,0x6,0x4,21.9599991,26.3405991,0.05893900990000001,-0.158577412,4.70130763e-05,30,1.14699996,1
103,103,480206400012933,44441493,2458198.9184721927,58198.414930599996,17.3649235,0.024374056600000003,0,zr,234.54815109999998,3.0278936,3.41700006,0.331,20180321414769,480,0x6,0x4,21.4500008,26.3168831,0.0238694884,0.105426565,7.31463024e-06,30,1.22800004,1
104,104,480206400012933,44443753,2458198.941077948,58198.4375347,17.3029079,0.023510754100000003,0,zr,234.5481452,3.0279057999999996,3.50300002,0.330000013,20180321437523,480,0x6,0x4,21.5100002,26.3227863,0.0262775663,0.104824372,8.981561220000003e-06,30,1.17499995,1
105,105,480206400012933,46236673,2458216.871403,58216.3667361,17.261116,0.0229585785,0,zr,234.5482127,3.0279582,2.76799989,0.08100000019999999,20180408366690,480,0x6,0x4,20.5900002,26.2178345,0.0264144,0.130286202,8.98182498e-06,30,1.22500002,1
106,106,480206400012933,46442712,2458218.9319002093,58218.4271296,17.3389893,0.0240065195,0,zr,234.5481886,3.0279146,3.61999989,0.312000006,20180410427118,480,0x6,0x4,21.0100002,26.245214500000003,0.0219772514,0.118070439,6.39886139e-06,30,1.14300001,2
107,107,480206400012933,46532280,2458219.827614766,58219.32280090001,17.3657722,0.0243862476,0,zr,234.5481562,3.0279152999999996,2.81999993,0.331999987,20180411322778,480,0x6,0x4,20.6399994,25.9333248,0.0266774874,0.121768802,9.32298917e-06,30,1.37300003,2
108,108,480206400012933,46537902,2458219.883844375,58219.3790278,17.2765808,0.023160208,0,zr,234.54821459999997,3.0279335,3.78699994,0.256999999,20180411379028,480,0x6,0x4,20.860000600000006,26.292841,0.0258041266,0.129560292,8.79086201e-06,30,1.17700005,1
109,109,480206400012933,46540129,2458219.9061139408,58219.401296300006,17.316635100000006,0.0236972682,0,zr,234.54821459999997,3.0279655,3.24900007,-0.0289999992,20180411401285,480,0x6,0x4,20.6399994,26.2639446,0.0285824202,0.133842617,1.07573087e-05,30,1.14900005,1
110,110,480206400012933,46834385,2458222.848805979,58222.34385419999,17.3276272,0.0238484554,0,zr,234.54815809999997,3.0278914,2.85500002,0.142000005,20180414343843,480,0x6,0x4,20.739999800000003,26.2386322,0.0241892766,0.115457177,7.61353658e-06,30,1.245,1
111,111,480206400012933,46841387,2458222.9188321433,58222.4138773,17.3340225,0.023937199300000003,0,zr,234.5481676,3.0279182000000002,2.51699996,0.182999998,20180414413866,480,0x6,0x4,20.8199997,26.2519951,0.0246031806,0.116902754,7.88877787e-06,30,1.14300001,1
112,112,480206400012933,47139622,2458225.901304976,58225.396226900004,17.128152800000002,0.0213499423,0,zr,234.5481714,3.0280352,1.70299995,-0.0549999997,20180417396157,480,0x6,0x4,19.9400005,26.301927600000006,0.0356759131,0.123119406,1.65886249e-05,30,1.14300001,1
113,113,480206400012933,47139668,2458225.901767889,58225.3966898,17.122177100000002,0.021282671,0,zr,234.54826119999998,3.0280229,1.47899997,0.119000003,20180417396678,480,0x6,0x4,19.9599991,26.2859554,0.036049474,0.134858027,1.69196537e-05,30,1.14300001,1
114,114,480206400012933,47139714,2458225.902219311,58225.397141199996,17.1164417,0.021218501,0,zr,234.54818089999998,3.0280412,1.44500005,0.0659999996,20180417397141,480,0x6,0x4,20.0499992,26.2922115,0.0350937024,0.126360655,1.60048367e-05,30,1.14300001,1
115,115,480206400012933,47139759,2458225.9026707257,58225.3975926,17.167434699999998,0.0218026135,0,zr,234.5482373,3.0279974999999997,1.36099994,-0.0189999994,20180417397593,480,0x6,0x4,20.0699997,26.2912655,0.0344636403,0.130993962,1.56122514e-05,30,1.14300001,1
116,116,480206400012933,47139805,2458225.9031337425,58225.3980556,17.1649609,0.0217735637,0,zr,234.54824169999998,3.0281037,1.11500001,-0.061999999000000014,20180417398044,480,0x6,0x4,20.0599995,26.3008118,0.0369216949,0.130768523,1.7751383e-05,30,1.14300001,1
117,117,480206400012933,47139850,2458225.9035850614,58225.3985069,17.1607208,0.021723941,0,zr,234.5482327,3.0280667,1.51900005,0.0240000002,20180417398507,480,0x6,0x4,20.0400009,26.301567100000003,0.0333618633,0.12396466,1.4435579e-05,30,1.14300001,1
118,118,480206400012933,47139896,2458225.9040480754,58225.3989699,17.124137899999994,0.0213047005,0,zr,234.5483084,3.0280887,2.50999999,0.050999999,20180417398958,480,0x6,0x4,20.0,26.298933,0.0368549414,0.131052971,1.79287381e-05,30,1.14300001,1
119,119,480206400012933,47139942,2458225.9044994973,58225.399421300004,17.136543300000003,0.021445103,0,zr,234.54824240000002,3.0280514,2.25500011,0.050999999,20180417399421,480,0x6,0x4,20.0499992,26.3033543,0.032754868300000003,0.12651825,1.41411656e-05,30,1.14300001,1
120,120,480206400012933,47139988,2458225.9049625145,58225.39988430001,17.158264199999998,0.021695286,0,zr,234.54822830000003,3.0281062999999997,2.14199996,0.0419999994,20180417399873,480,0x6,0x4,20.0599995,26.300106,0.0328127295,0.126271367,1.40234224e-05,30,1.14300001,1
121,121,480206400012933,47140033,2458225.9054138367,58225.400335599996,17.120548199999998,0.0212644134,0,zr,234.5481393,3.0280911,1.88699996,0.0,20180417400336,480,0x6,0x4,20.0400009,26.3063507,0.0356921181,0.129095808,1.65781275e-05,30,1.14300001,1
122,122,480206400012933,47140078,2458225.9058652483,58225.400787,17.091497399999998,0.0209437963,0,zr,234.54829469999996,3.0280514,1.88800001,-0.0109999999,20180417400787,480,0x6,0x4,19.9400005,26.3002453,0.0364476331,0.132663116,1.75429304e-05,30,1.14199996,1
123,123,480206400012933,47140125,2458225.906328271,58225.40125,17.105585100000006,0.021098068,0,zr,234.5482225,3.0279999,1.62199998,-0.0329999998,20180417401238,480,0x6,0x4,19.9599991,26.3013535,0.0361860245,0.131244659,1.7253552899999993e-05,30,1.14199996,1
124,124,480206400012933,47140170,2458225.9067796827,58225.401701400006,17.114303600000003,0.0211946834,0,zr,234.54830819999998,3.0281067000000004,1.94599998,-0.0329999998,20180417401701,480,0x6,0x4,19.9300003,26.3030987,0.0363096371,0.127948821,1.74334291e-05,30,1.14199996,1
125,125,480206400012933,47140216,2458225.907242706,58225.4021644,17.1500568,0.021600104900000004,0,zr,234.54821260000003,3.028043,2.09500003,-0.0240000002,20180417402153,480,0x6,0x4,20.1200008,26.2959137,0.0344010703,0.126347646,1.53834808e-05,30,1.14199996,1
126,126,480206400012933,47140261,2458225.907694024,58225.4026157,17.156686800000006,0.021676929700000003,0,zr,234.5482082,3.0280563999999996,2.34699988,0.0930000022,20180417402616,480,0x6,0x4,20.0900002,26.2935524,0.0340852886,0.13143971599999998,1.5173912300000003e-05,30,1.14199996,1
127,127,480206400012933,47140306,2458225.9081454407,58225.4030671,17.1025658,0.0210648123,0,zr,234.5482288,3.0280462000000004,1.33800006,0.0260000005,20180417403067,480,0x6,0x4,19.989999800000003,26.301343900000006,0.0340246111,0.131469905,1.5156209e-05,30,1.14199996,1
128,128,480206400012933,47140353,2458225.908608456,58225.4035301,17.2158585,0.022386346,0,zr,234.54829700000002,3.0280521,1.227,-0.0209999997,20180417403519,480,0x6,0x4,20.1900005,26.297805800000006,0.0322174802,0.129830956,1.36032404e-05,30,1.14199996,1
129,129,480206400012933,47140398,2458225.9090598817,58225.40398150001,17.1279297,0.021347424,0,zr,234.5481444,3.0280077999999997,2.09299994,-0.061999999000000014,20180417403981,480,0x6,0x4,19.989999800000003,26.3027687,0.0354494043,0.129012659,1.65230213e-05,30,1.14199996,1
130,130,480206400012933,47140444,2458225.909522796,58225.4044444,17.1330185,0.0214050282,0,zr,234.5482009,3.0280732999999995,1.47099996,-0.101999998,20180417404433,480,0x6,0x4,20.0,26.2958641,0.0357741714,0.135018811,1.6873353199999998e-05,30,1.14300001,1
131,131,480206400012933,47140489,2458225.909974212,58225.404895800006,17.1227951,0.0212896187,0,zr,234.54823280000002,3.0280777999999997,1.15600002,0.0299999993,20180417404896,480,0x6,0x4,20.0400009,26.3026142,0.0344222002,0.13457828800000002,1.56446622e-05,30,1.14300001,1
132,132,480206400012933,47140535,2458225.9104372254,58225.4053588,17.1189995,0.0212470777,0,zr,234.5483333,3.0280531,1.495,0.0529999994,20180417405347,480,0x6,0x4,19.9699993,26.3078136,0.034154824900000005,0.128591016,1.55007438e-05,30,1.14300001,1
133,133,480206400012933,47140581,2458225.910888648,58225.4058102,17.199571600000002,0.0221867859,0,zr,234.5482313,3.0280768,0.967000008,0.0540000014,20180417405810,480,0x6,0x4,20.1200008,26.2965088,0.0346170776,0.126433864,1.56337028e-05,30,1.14300001,1
134,134,480206400012933,47140626,2458225.9113400644,58225.406261599994,17.169227600000006,0.0218237117,0,zr,234.5482591,3.0280499,1.63499999,-0.0469999984,20180417406262,480,0x6,0x4,20.0599995,26.2981224,0.0345451869,0.137278929,1.5457830199999998e-05,30,1.14300001,1
135,135,480206400012933,47140672,2458225.911802981,58225.4067245,17.1651306,0.0217755493,0,zr,234.5482665,3.0280722,1.61699998,-0.0130000003,20180417406713,480,0x6,0x4,20.0799999,26.302021000000003,0.034935832,0.13511119800000002,1.59476822e-05,30,1.14300001,1
136,136,480206400012933,47140717,2458225.9122544015,58225.40717590001,17.1550407,0.021657802200000003,0,zr,234.5482195,3.0280529,1.83399999,0.0460000001,20180417407176,480,0x6,0x4,20.0499992,26.3029308,0.0338089317,0.13158033800000002,1.52716148e-05,30,1.14300001,1
137,137,480206400012933,47140762,2458225.912705816,58225.4076273,17.219738,0.0224343669,0,zr,234.54830809999999,3.0280442,0.8349999790000001,0.008999999609999998,20180417407627,480,0x6,0x4,20.0499992,26.3077011,0.0333587602,0.128262952,1.4743141e-05,30,1.14300001,1
138,138,480206400012933,47140809,2458225.913168834,58225.4080903,17.1396751,0.0214808341,0,zr,234.5482742,3.028108,2.08100009,0.0549999997,20180417408079,480,0x6,0x4,20.0400009,26.3005543,0.034381941,0.132411316,1.55494527e-05,30,1.14300001,1
139,139,480206400012933,47140855,2458225.9136317554,58225.408553199995,17.125436800000006,0.0213193223,0,zr,234.5482756,3.0279608,1.97500002,-0.0390000008,20180417408542,480,0x6,0x4,19.9799995,26.3052845,0.0345166326,0.126101151,1.60507916e-05,30,1.14300001,1
140,140,480206400012933,47140900,2458225.914083173,58225.4090046,17.169979100000006,0.0218325779,0,zr,234.5482298,3.0280643,1.71800005,-0.17700000100000002,20180417409005,480,0x6,0x4,20.0699997,26.3028889,0.035134643300000004,0.133705184,1.63224613e-05,30,1.14300001,1
141,141,480206400012933,47140946,2458225.9145461903,58225.4094676,17.1954155,0.022136379,0,zr,234.5482345,3.0280859,1.49000001,0.0289999992,20180417409456,480,0x6,0x4,20.1800003,26.3053722,0.0332918875,0.129977882,1.47656374e-05,30,1.14400005,1
142,142,480206400012933,47140991,2458225.9149976084,58225.409919000005,17.1347008,0.0214241315,0,zr,234.5482403,3.0280575,1.24399996,0.057,20180417409907,480,0x6,0x4,20.0,26.3015747,0.0369816869,0.133215576,1.81090836e-05,30,1.14400005,1
143,143,480206400012933,47141037,2458225.915449026,58225.4103704,17.1645184,0.0217683762,0,zr,234.5482127,3.0281149,2.09599996,0.0149999997,20180417410370,480,0x6,0x4,20.1399994,26.3054466,0.033648137,0.124225073,1.51502554e-05,30,1.14400005,1
144,144,480206400012933,47141083,2458225.9159119446,58225.410833300004,17.112751,0.0211774074,0,zr,234.5482434,3.0280366,1.53499997,0.0140000004,20180417410822,480,0x6,0x4,20.0499992,26.3055935,0.0359258391,0.130306035,1.7307758800000002e-05,30,1.14400005,1
145,145,480206400012933,47141128,2458225.9163633604,58225.4112847,17.143960999999994,0.0215299111,0,zr,234.5482707,3.0280577,1.92900002,-0.004000000189999999,20180417411285,480,0x6,0x4,20.1399994,26.3088474,0.033799469500000005,0.129854515,1.49600901e-05,30,1.14400005,1
146,146,480206400012933,47141174,2458225.9168263813,58225.411747699996,17.106369,0.0211067256,0,zr,234.5482254,3.0280026,1.47800004,0.0109999999,20180417411736,480,0x6,0x4,19.9500008,26.3042145,0.0348492041,0.12909664199999998,1.6269757899999998e-05,30,1.14400005,1
147,147,480206400012933,47141221,2458225.9172893,58225.41221059999,17.209983800000003,0.0223139804,0,zr,234.54819320000001,3.0280728999999997,1.65600002,0.0140000004,20180417412199,480,0x6,0x4,20.1200008,26.3059845,0.0336552933,0.127034605,1.51004861e-05,30,1.14499998,1
148,148,480206400012933,47141266,2458225.917740717,58225.412662,17.146957399999998,0.0215643626,0,zr,234.54818219999996,3.0281001,1.80599999,0.128000006,20180417412662,480,0x6,0x4,20.0900002,26.3048725,0.034120407,0.128241494,1.5278385e-05,30,1.14499998,1
149,149,480206400012933,47141312,2458225.918203738,58225.413125,17.161663100000002,0.0217349567,0,zr,234.54815040000003,3.0280549,2.41599989,0.153999999,20180417413113,480,0x6,0x4,20.1499996,26.295599,0.0326158553,0.13300921,1.42067056e-05,30,1.14499998,1
150,150,480206400012933,47141358,2458225.9186667493,58225.413588,17.144516,0.0215362888,0,zr,234.54829530000004,3.0280777000000003,0.652999997,0.00600000005,20180417413576,480,0x6,0x4,19.9799995,26.3014278,0.0350521654,0.13450114400000002,1.6562782500000002e-05,30,1.14499998,1
151,151,480206400012933,47141403,2458225.9191181688,58225.414039400006,17.1097832,0.0211444851,0,zr,234.54822650000003,3.0281073,1.69200003,-0.0219999999,20180417414028,480,0x6,0x4,19.9799995,26.3066597,0.0339209959,0.129924789,1.55447196e-05,30,1.14499998,1
152,152,480206400012933,47141449,2458225.9195694868,58225.41449069999,17.160749399999997,0.0217242744,0,zr,234.54824869999996,3.0280487000000003,2.71799994,-0.108999997,20180417414491,480,0x6,0x4,20.0,26.3036842,0.0365069695,0.130087554,1.78741739e-05,30,1.14600003,1
153,153,480206400012933,47141495,2458225.920032507,58225.4149537,17.1849632,0.0220105816,0,zr,234.54821869999998,3.0280294,1.31700003,-0.00100000005,20180417414942,480,0x6,0x4,20.0,26.3049545,0.0375084206,0.129600123,1.8719170800000006e-05,30,1.14600003,1
154,154,480206400012933,47141540,2458225.9204839244,58225.4154051,17.1109161,0.0211570375,0,zr,234.54820519999996,3.0280682,1.98500001,0.061999999000000014,20180417415405,480,0x6,0x4,19.9799995,26.3088074,0.035453699500000005,0.128288835,1.68697406e-05,30,1.14600003,1
155,155,480206400012933,47141585,2458225.920935341,58225.4158565,17.1324234,0.021398278,0,zr,234.5482224,3.0280801,1.75800002,0.0649999976,20180417415856,480,0x6,0x4,20.0,26.3093433,0.0372223966,0.125526518,1.85796071e-05,30,1.14600003,1
156,156,480206400012933,47141631,2458225.9213982574,58225.4163194,17.1516933,0.0216190089,0,zr,234.5482561,3.0280741,1.99100006,0.08900000150000001,20180417416308,480,0x6,0x4,20.0499992,26.3106403,0.033673536000000004,0.124091841,1.49854468e-05,30,1.14699996,1
157,157,480206400012933,47233668,2458226.8418040746,58226.3366898,17.325737,0.0238223467,0,zr,234.5481512,3.0278895,3.81200004,0.44600001,20180418336644,480,0x6,0x4,21.2000008,26.2566681,0.0219086744,0.114783987,6.17584965e-06,30,1.23300004,1
158,158,480206400012933,47237702,2458226.882141313,58226.3770255,17.3333778,0.023928225,0,zr,234.54816090000003,3.0278754,3.9059999,0.326000005,20180418377014,480,0x6,0x4,21.0799999,26.266292600000003,0.0236244686,0.117187694,7.24905931e-06,30,1.153,1
159,159,480206400012933,47537684,2458229.882062817,58229.3768403,17.3637962,0.0243578758,0,zr,234.54811780000003,3.0278674999999997,4.33099985,0.356999993,20180421376829,480,0x6,0x4,21.239999800000003,26.2894402,0.0210906174,0.105160818,5.70699922e-06,30,1.14699996,1
160,160,480206400012933,47729322,2458231.7985128933,58231.2932292,17.3011551,0.0234871302,0,zr,234.5481528,3.027894,3.78200006,0.430999994,20180423293194,480,0x6,0x4,21.0499992,26.2537174,0.0235373732,0.121483296,7.12108204e-06,30,1.35599995,2
161,161,480206400012933,47835719,2458232.8625144493,58232.35719909999,17.3329964,0.0239229202,0,zr,234.5481867,3.0279227000000004,3.09599996,0.244000003,20180424357188,480,0x6,0x4,20.5300007,26.2279072,0.0289447475,0.129180461,1.09177417e-05,30,1.15699995,1
162,162,480206400012933,48929619,2458243.801733437,58243.2961921,17.357505800000002,0.024267951,0,zr,234.54819269999996,3.027864,3.16799998,0.418000013,20180505296181,480,0x6,0x4,20.8799992,26.2820263,0.0272379089,0.112534687,9.87134899e-06,30,1.21700001,1
163,163,480206400012933,49237856,2458246.884136716,58246.3785648,17.2637062,0.0229921341,0,zr,234.548238,3.0279602999999997,4.08799982,0.0399999991,20180508378553,480,0x6,0x4,20.6200008,26.285474800000006,0.0318662561,0.134801164,1.32924615e-05,30,1.16799998,1
165,165,480206400012933,50129361,2458255.799188181,58255.293611099994,17.306015,0.0235527512,0,zr,234.5482234,3.0279832000000004,3.75300002,0.237000003,20180517293600,480,0x6,0x4,20.860000600000006,26.2698345,0.0255449414,0.129200771,8.523794349999999e-06,30,1.15900004,1
166,166,480206400012933,50229204,2458256.7976185475,58256.29204859999,17.2970276,0.0234316606,0,zr,234.5481767,3.0278895,4.3210001,0.337000012,20180518292037,480,0x6,0x4,21.0699997,26.2638359,0.022350885,0.123105064,6.508173559999999e-06,30,1.15799999,2
167,167,480206400012933,50425250,2458258.758051429,58258.2525,17.339489,0.0240135081,0,zr,234.54817250000002,3.0278680000000002,4.05999994,0.224000007,20180520252488,480,0x6,0x4,20.920000100000006,26.192152,0.0256140437,0.128767714,8.403171710000001e-06,30,1.22500002,1
168,168,480206400012933,50729524,2458261.8007541243,58261.2952431,17.278099100000002,0.0231801607,0,zr,234.54832059999998,3.0280111,2.30999994,-0.0240000002,20180523295243,480,0x6,0x4,20.110000600000006,26.2647228,0.0366641283,0.12561091800000002,1.91946583e-05,30,1.14499998,1
170,170,480206400012933,51829290,2458272.7981543546,58272.2929051,17.275913199999998,0.0231514387,0,zr,234.5481791,3.0278732999999995,3.69199991,0.319000006,20180603292894,480,0x6,0x4,21.1599998,26.2633667,0.023698248,0.112350397,7.56583222e-06,30,1.15100002,1
171,171,480206400012933,52525229,2458279.7572849444,58279.252291699995,17.378517199999994,0.0245705303,0,zr,234.5481533,3.0278612999999996,3.95099998,0.597000003,20180610252292,480,0x6,0x4,21.5400009,26.2755508,0.0214265622,0.112057261,5.90436775e-06,30,1.14400005,1
172,172,480206400012933,52922768,2458283.7325021885,58283.2276852,17.2867908,0.023295043,0,zr,234.54818319999998,3.0278666000000003,4.24399996,0.358999997,20180614227639,480,0x6,0x4,21.5599995,26.3015804,0.0237787757,0.103859678,7.34838432e-06,30,1.14999998,1
173,173,480206400012933,53227494,2458286.779609819,58286.2749421,17.3395729,0.0240146741,0,zr,234.5481374,3.0278805,3.56299996,0.368000001,20180617274861,480,0x6,0x4,21.2800007,26.2846127,0.021838408,0.114206798,6.17460728e-06,30,1.17799997,1
174,174,480206400012933,53525148,2458289.755992041,58289.2514815,17.328661,0.0238627754,0,zr,234.5481585,3.0279154999999998,2.72000003,0.344000012,20180620251389,480,0x6,0x4,20.860000600000006,26.2699451,0.0235871337,0.117930032,7.305800410000002e-06,30,1.15699995,1
175,175,480206400012933,53825363,2458292.7579753804,58292.2536343,17.366909,0.0244025793,0,zr,234.54816150000002,3.027882,3.5150001000000004,0.437999994,20180623253600,480,0x6,0x4,20.5599995,26.2836838,0.0259279814,0.119579606,8.9154546e-06,30,1.171,1
176,176,480206400012933,54127193,2458295.776093006,58295.2719329,17.469390899999997,0.0259540901,0,zr,234.5481682,3.0278625,3.58299994,0.425999999,20180626271447,480,0x6,0x4,20.5100002,26.2806492,0.0276313685,0.105710983,9.83675727e-06,30,1.23000002,1
177,177,480206400012933,54427124,2458298.7752202046,58298.27125,17.3608742,0.0243160389,0,zr,234.5481338,3.027884,3.01399994,0.32100001,20180629271238,480,0x6,0x4,20.2900009,26.2556171,0.0284233987,0.115696058,1.05283298e-05,30,1.25399995,1
178,178,480206400012933,55017447,2458304.6780481297,58304.174479199995,17.3181992,0.0237186812,0,zr,234.54817450000002,3.0279142999999995,3.45499992,0.337000012,20180705174468,480,0x6,0x4,21.1900005,26.233629200000006,0.0230697058,0.107971035,7.01364979e-06,30,1.14999998,1
179,179,480206400012933,55320841,2458307.711763821,58307.208414400004,17.2411842,0.0227033217,0,zr,234.5481403,3.0278916000000002,3.58500004,0.275000006,20180708208414,480,0x6,0x4,21.4500008,26.1657372,0.0239670929,0.101910874,7.53088216e-06,30,1.16700006,1
183,183,480206400012933,57716090,2458331.662279468,58331.1609028,17.3726044,0.024484744300000003,0,zr,234.5481786,3.0279181,3.65499997,0.384000003,20180801160903,480,0x6,0x4,20.989999800000003,26.1775799,0.0226419438,0.108502939,6.693809150000001e-06,30,1.20200002,1
184,184,480206400012933,58320341,2458337.7042495483,58337.203414400006,17.3603859,0.0243090522,0,zr,234.5481565,3.027921,3.06200004,0.363000005,20180807203403,480,0x6,0x4,21.1499996,26.230344800000005,0.0244699866,0.115624174,7.867075509999999e-06,30,1.45500004,1
185,185,480206400012933,60418981,2458358.688752335,58358.189814800004,17.272823300000002,0.0231109262,0,zr,234.5481486,3.0279844,1.21000004,0.00700000022,20180828189757,480,0x6,0x4,19.6499996,26.2606812,0.0380888283,0.0909565017,1.97749414e-05,30,1.92400002,1
186,186,480206400012933,71355369,2458468.0493844124,58467.5536921,17.370212600000002,0.0244501904,0,zr,234.54815130000003,3.0279049,2.72000003,0.209999993,20181215553681,480,0x6,0x4,20.360000600000006,25.9951935,0.044079069000000005,0.111125775,2.56349467e-05,30,2.75300002,2
187,187,480206400012933,71355849,2458468.054187959,58467.5584954,17.3545895,0.0242264587,0,zr,234.54812990000002,3.0279062000000003,3.0,0.375999987,20181215558484,480,0x6,0x4,20.6399994,26.119518300000006,0.0288532469,0.10827288,1.1079449e-05,30,2.58999991,2
188,188,480206400012933,71356329,2458468.058991401,58467.56329859999,17.4203625,0.0251922328,0,zr,234.5481719,3.0278615,3.08100009,0.268000007,20181215563299,480,0x6,0x4,20.6599998,26.1493473,0.0240329113,0.107314184,7.67148958e-06,30,2.44700003,2
190,190,480206400012933,71455585,2458469.0515995454,58468.5558565,17.352210999999997,0.0241927076,0,zr,234.5481418,3.0278978,2.05599999,0.191,20181216555845,480,0x6,0x4,20.5200005,26.1594391,0.0345397331,0.119748257,1.58382645e-05,30,2.58699989,2
191,191,480206400012933,71456069,2458469.0564376977,58468.5606944,17.366848,0.0244017038,0,zr,234.54815770000002,3.0278696,3.27600002,0.279000014,20181216560683,480,0x6,0x4,20.5799999,26.1851006,0.0311051328,0.106249191,1.28322772e-05,30,2.44400001,2
192,192,480206400012933,71456552,2458469.0612643496,58468.56552080001,17.4304466,0.0253459625,0,zr,234.5481812,3.0278585,3.5769999,0.287999988,20181216565521,480,0x6,0x4,20.5300007,26.1917419,0.028065197200000003,0.107832037,1.04658166e-05,30,2.31800008,2
193,193,480206400012933,71457035,2458469.0661026053,58468.5703588,17.4294777,0.0253311191,0,zr,234.5481669,3.0278945,3.35299993,0.303000003,20181216570359,480,0x6,0x4,20.3299999,26.2147713,0.0302356202,0.106068984,1.21817184e-05,30,2.20499992,2
196,196,480206400012933,71755604,2458472.0519447685,58471.556041699994,17.353857,0.0242160633,0,zr,234.5481547,3.0278651,2.16400003,0.17000000199999998,20181219556007,480,0x6,0x4,20.3799992,26.1878777,0.0295673944,0.118976288,1.16388192e-05,30,2.34899998,2
197,197,480206400012933,71756099,2458472.0568987485,58471.5609954,17.326919600000004,0.0238386821,0,zr,234.54816499999998,3.0278754,2.954,0.204999998,20181219560961,480,0x6,0x4,20.3899994,26.1878929,0.0299700201,0.110399857,1.1925682e-05,30,2.23099995,2
198,198,480206400012933,71756596,2458472.061864229,58471.5659606,17.347299600000003,0.024123257,0,zr,234.5481681,3.0278848,2.61899996,0.268999994,20181219565926,480,0x6,0x4,20.3500004,26.2243042,0.0315833651,0.110402659,1.31977404e-05,30,2.125,2
199,199,480206400012933,71757091,2458472.066818308,58471.57091440001,17.383739499999994,0.0246467236,0,zr,234.54817880000002,3.0278828,1.87100005,0.195999995,20181219570880,480,0x6,0x4,19.9799995,26.2267685,0.0371188335,0.110455029,1.83198845e-05,30,2.0309999,2
200,200,480206400012933,71855675,2458473.0527184075,58472.55675930001,17.355945600000002,0.0242457483,0,zr,234.54815109999998,3.0278766,3.33400011,0.338999987,20181220556748,480,0x6,0x4,20.489999800000003,26.1942844,0.0263684224,0.120764025,9.2093178e-06,30,2.2650001,2
201,201,480206400012933,71856157,2458473.057533486,58472.56157409999,17.3635826,0.0243548173,0,zr,234.5481533,3.0278844,2.18899989,0.282000005,20181220561551,480,0x6,0x4,20.4400005,26.210928,0.0276912693,0.115565576,1.00995585e-05,30,2.15899992,2
202,202,480206400012933,71856638,2458473.0623485656,58472.566388900006,17.3814182,0.0246128142,0,zr,234.5481569,3.0279247000000002,2.51200008,0.275999993,20181220566366,480,0x6,0x4,20.3500004,26.2277927,0.0281905718,0.113949075,1.05043e-05,30,2.06399989,2
203,203,480206400012933,71857085,2458473.0668164254,58472.5708565,17.395263699999994,0.0248162486,0,zr,234.5481121,3.0279086,2.50699997,0.207000002,20181220570845,480,0x6,0x4,19.8999996,26.2419987,0.0323385559,0.0975482538,1.38124451e-05,30,1.98399997,2
204,204,480206400012933,72256053,2458477.056728568,58476.5605324,17.392417899999998,0.0247742087,0,zr,234.54818369999998,3.0279177,1.56799996,0.0759999976,20181224560463,480,0x6,0x4,19.9400005,26.2417183,0.0322520211,0.0797915086,1.3686109e-05,30,1.97399998,2
205,205,480206400012933,72256540,2458477.0616015717,58476.5654051,17.419849399999997,0.0251844581,0,zr,234.5481801,3.0278547000000002,2.55900002,0.298999995,20181224565336,480,0x6,0x4,20.2800007,26.2231407,0.029900729700000007,0.103194378,1.17764575e-05,30,1.89600003,2
206,206,480206400012933,72257028,2458477.06648618,58476.570289400006,17.459648100000006,0.0257997792,0,zr,234.54816580000002,3.0278793,1.94299996,0.231000006,20181224570220,480,0x6,0x4,20.1200008,26.2379761,0.030058952000000007,0.0953092426,1.19675497e-05,30,1.82599998,2
207,207,480206400012933,72257517,2458477.0713706873,58476.575173599995,17.4348087,0.0254129209,0,zr,234.548159,3.0278945,2.1789999,0.282999992,20181224575093,480,0x6,0x4,19.7600002,26.240097,0.034731701000000004,0.102336317,1.63326404e-05,30,1.76199996,2
208,208,480206400012933,72754577,2458482.042294316,58481.5457755,17.253211999999998,0.022856727200000003,0,zr,234.5481909,3.0278818,1.53900003,0.0939999968,20181229545776,480,0x6,0x4,19.8899994,26.185346600000006,0.0349524282,0.116951965,1.62479373e-05,30,1.99300003,1
209,209,480206400012933,72855981,2458483.056402823,58482.5598148,17.1839371,0.021998299300000003,0,zr,234.5481826,3.0279439999999997,0.597000003,-0.00999999978,20181230559792,480,0x6,0x4,19.5599995,26.0834179,0.045395527000000005,0.123191796,2.95264963e-05,30,1.74899995,2
210,210,480206400012933,72856405,2458483.0606392184,58482.56405090001,17.3527451,0.0242002793,0,zr,234.5481452,3.0278763,2.54099989,0.129999995,20181230564028,480,0x6,0x4,20.3299999,26.2424011,0.0312385075,0.11385373,1.2906629300000004e-05,30,1.70000005,2
211,211,480206400012933,72856983,2458483.0664267214,58482.569838,17.2974987,0.0234379787,0,zr,234.5481532,3.0278887,0.948000014,0.0329999998,20181230569722,480,0x6,0x4,20.0,26.2580547,0.0373466462,0.100921512,1.85633726e-05,30,1.63800001,2
212,212,480206400012933,72857469,2458483.0712881587,58482.57469909999,17.3839264,0.0246494617,0,zr,234.5481997,3.0278852,1.83599997,0.173999995,20181230574583,480,0x6,0x4,20.2900009,26.2565575,0.0285079535,0.110828467,1.0794065e-05,30,1.59099996,2
213,213,480206400012933,75451865,2458509.0173396314,58508.5186574,17.238395699999998,0.0226680245,0,zr,234.5481762,3.0278757,1.01400006,0.0289999992,20190125518657,480,0x6,0x4,19.8299999,26.270250300000004,0.0369535945,0.110574819,1.83270386e-05,30,1.449,1
215,215,480206400012933,77250674,2458527.007090772,58526.5067477,17.3655205,0.0243826341,0,zr,234.5481509,3.0278872000000003,2.4849999,0.143999994,20190212506748,480,0x6,0x4,20.1000004,25.8083229,0.0332593136,0.0965396315,1.4620873999999996e-05,30,1.25899994,1
216,216,480206400012933,78652342,2458541.025059584,58540.523425900006,17.3260307,0.0238263942,0,zr,234.54814720000002,3.0278806,3.79900002,0.370000005,20190226523426,480,0x6,0x4,20.5699997,26.2737331,0.0265948195,0.12691544,9.417100960000003e-06,30,1.14699996,1
217,217,480206400012933,79352047,2458548.0227248883,58547.5204745,17.353794100000002,0.0242151655,0,zr,234.5481506,3.0279042,3.3440001000000006,0.432000011,20190305520463,480,0x6,0x4,21.2800007,26.278698,0.02013712,0.107037753,5.40486235e-06,30,1.14199996,1
218,218,480206400012933,81939832,2458573.9025207683,58573.39832180001,17.307027800000004,0.0235664565,0,zr,234.54815150000002,3.0278906,3.6400001,0.248999998,20190331398287,480,0x6,0x4,20.9099998,26.2102432,0.0246912837,0.119745061,8.047553820000001e-06,30,1.20000005,1
220,220,480206400012933,82740063,2458581.905292553,58581.400636599996,17.3127022,0.0236435588,0,zr,234.548144,3.0278967,3.37599993,0.377999991,20190408400637,480,0x6,0x4,20.6399994,25.90802,0.0259703603,0.11196404,8.92650678e-06,30,1.15699995,1
221,221,480206400012933,83039383,2458584.898636431,58584.393830999994,17.330637,0.0238901526,0,zr,234.5481539,3.0278863,2.34800005,0.127000004,20190411393819,480,0x6,0x4,20.7999992,26.2275944,0.024369685,0.11458388,7.91604361e-06,30,1.15600002,1
222,222,480206400012933,83337796,2458587.8829052504,58587.377963,17.4435921,0.0255486332,0,zr,234.5481539,3.0278528,3.28800011,0.432000011,20190414377963,480,0x6,0x4,20.3199997,25.8099937,0.0308068842,0.111753419,1.25572315e-05,30,1.16600001,1
223,223,480206400012933,83737696,2458591.8820736213,58591.3769676,17.4171066,0.025142936,0,zr,234.5481541,3.0278998,1.88399994,0.201000005,20190418376968,480,0x6,0x4,19.9699993,26.2490635,0.0328061581,0.112643987,1.42720774e-05,30,1.153,1
224,224,480206400012933,84337968,2458597.884996114,58597.3796875,17.3087807,0.0235902406,0,zr,234.5481635,3.0278931,3.9059999,0.389999986,20190424379688,480,0x6,0x4,21.0499992,26.2474937,0.0220732111,0.107146636,6.41504766e-06,30,1.14199996,1
226,226,480206400012933,85235695,2458606.862467079,58606.356955999996,17.3356857,0.023960365,0,zr,234.5481601,3.0279007,4.50500011,0.469000012,20190503356956,480,0x6,0x4,21.360000600000006,26.2073555,0.0197829641,0.111478217,5.284380679999998e-06,30,1.14199996,1
227,227,480206400012933,86229443,2458616.8000228545,58616.2944329,17.435516399999994,0.0254237987,0,zr,234.54812540000003,3.0279078999999998,2.65300012,0.207000002,20190513294433,480,0x6,0x4,20.670000100000006,26.179903,0.0264175069,0.116300806,9.129837960000003e-06,30,1.17299998,1
228,228,480206400012933,87929787,2458633.8032422718,58633.2978704,17.3452435,0.0240942799,0,zr,234.54816040000003,3.0278482,3.66700006,0.414000005,20190530297870,480,0x6,0x4,21.3400002,26.2084217,0.0213920753,0.107532717,5.99588157e-06,30,1.14499998,1
229,229,480206400012933,88221134,2458636.71663337,58636.2113426,17.376339,0.0245388728,0,zr,234.5482025,3.0279287999999998,4.48199987,0.3810000120000001,20190602211343,480,0x6,0x4,21.5300007,26.1859722,0.0200157631,0.10109926,5.27856128e-06,30,1.24199998,1
230,230,480206400012933,88527303,2458639.7782246354,58639.2730324,17.293457,0.023383837200000004,0,zr,234.5481858,3.027898,4.35300016,0.476000011,20190605272951,480,0x6,0x4,21.4400005,26.2067795,0.0199630447,0.110603549,5.23765812e-06,30,1.14199996,1
231,231,480206400012933,88827180,2458642.7768883286,58642.2718056,17.2252617,0.0225030836,0,zr,234.54817090000003,3.0278861,4.06799984,0.323000014,20190608271562,480,0x6,0x4,21.7600002,26.256515500000006,0.0210960973,0.100956179,5.87860768e-06,30,1.14400005,1
232,232,480206400012933,89129506,2458645.80002908,58645.2950694,17.369663199999998,0.0244422648,0,zr,234.54815980000004,3.0278810000000003,3.9000001,0.512000024,20190611295069,480,0x6,0x4,20.8400002,26.2032604,0.02340235,0.103968881,7.19309037e-06,30,1.18099999,1
234,234,480206400012933,89829269,2458652.7973251147,58652.2926968,17.4061203,0.024977738,0,zr,234.5481522,3.0279109,3.71799994,0.36500001,20190618292535,480,0x6,0x4,20.360000600000006,26.1986046,0.0277050361,0.0978263468,1.00918069e-05,30,1.22000003,1
235,235,480206400012933,90119212,2458655.6966024176,58655.1921296,17.335165,0.023953123,0,zr,234.54817230000003,3.0278668,4.16599989,0.344000012,20190621192118,480,0x6,0x4,21.1399994,26.2325974,0.0228828508,0.110770397,7.29151452e-06,30,1.16600001,1
236,236,480206400012933,90423401,2458658.7383149383,58658.2340162,17.2879257,0.023310117400000004,0,zr,234.5481431,3.0278565,4.04099989,0.351000011,20190624233981,480,0x6,0x4,21.7099991,26.2229099,0.0218652375,0.0992421955,6.51376558e-06,30,1.14699996,1
237,237,480206400012933,90719052,2458661.6946399943,58661.19052080001,17.299163800000002,0.0234603453,0,zr,234.5481574,3.027906,3.94300008,0.488000005,20190627190486,480,0x6,0x4,21.2999992,26.221290600000003,0.0202564374,0.107285082,5.52961001e-06,30,1.14900005,1
238,238,480206400012933,91417488,2458668.6785413567,58668.1748843,17.2605057,0.0229506865,0,zr,234.54816499999998,3.0278852,3.61800003,0.377000004,20190704174884,480,0x6,0x4,21.239999800000003,26.2400742,0.0224434286,0.109860249,6.56196107e-06,30,1.14600003,1
239,239,480206400012933,91720783,2458671.711276615,58671.20783559999,17.244297,0.0227428433,0,zr,234.5481489,3.027905,1.60899997,0.0480000004,20190707207836,480,0x6,0x4,20.4500008,26.225849199999995,0.0289180409,0.1141266,1.0994464e-05,30,1.15600002,1
240,240,480206400012933,92022372,2458674.726944732,58674.2237269,17.353042600000002,0.0242044888,0,zr,234.548184,3.0279173,3.32599998,0.32100001,20190710223727,480,0x6,0x4,21.0,26.2266445,0.0225654114,0.105746411,6.7685809900000014e-06,30,1.19700003,1
241,241,480206400012933,92321322,2458677.716218188,58677.213229199995,17.389953600000002,0.024737902000000003,0,zr,234.54814249999998,3.0278452999999996,2.79699993,0.31099999,20190713213229,480,0x6,0x4,20.4300003,26.2142353,0.0263887607,0.109436683,9.10123345e-06,30,1.19200003,1
242,242,480206400012933,93229667,2458686.798931095,58686.29667819999,17.3681335,0.0244202204,0,zr,234.5481297,3.0279062000000003,3.67400002,0.391000003,20190722296597,480,0x6,0x4,20.920000100000006,26.1296597,0.0242570844,0.103905238,7.73852753e-06,30,1.96800005,1
244,244,480206400012933,93817480,2458692.6765528973,58692.174803199996,17.3994408,0.024878179700000003,0,zr,234.5481477,3.0278853,3.16799998,0.451000005,20190728174792,480,0x6,0x4,20.920000100000006,26.0262718,0.0350201279,0.101024143,1.61951702e-05,30,1.19700003,1
246,246,480206400012933,94417571,2458698.676937424,58698.1757176,17.319686899999994,0.0237390809,0,zr,234.5481562,3.0279092,3.88499999,0.393999994,20190803175718,480,0x6,0x4,20.9599991,26.013368600000003,0.0228703041,0.10481865,6.81955862e-06,30,1.24600005,1
248,248,480206400012933,95116564,2458705.666237812,58705.165648099995,17.389764800000002,0.024735109900000003,0,zr,234.5481506,3.0278525000000003,3.50600004,0.4029999970000001,20190810165648,480,0x6,0x4,20.6499996,26.1972237,0.0253869556,0.109584816,8.66454684e-06,30,1.27900004,1
249,249,480206400012933,95424966,2458708.749973796,58708.249664400006,17.452161800000006,0.0256821886,0,zr,234.5481632,3.0279086,2.37700009,0.25299999100000004,20190813249664,480,0x6,0x4,20.0799999,26.1250687,0.0356728882,0.115911111,1.7147207499999998e-05,30,2.22199988,1
250,250,480206400012933,95823700,2458712.736948986,58712.2370023,17.4393196,0.0254824739,0,zr,234.5481321,3.0278904,3.02399993,0.361999989,20190817236991,480,0x6,0x4,20.4099998,26.1580219,0.0276835002,0.108940743,1.00816906e-05,30,2.18400002,1
251,251,480206400012933,96414202,2458718.6414373755,58718.1420255,17.379295300000006,0.0245818608,0,zr,234.5481496,3.0278485,3.55299997,0.372999996,20190823142025,480,0x6,0x4,20.739999800000003,26.1930199,0.027228998,0.110030711,9.7626471e-06,30,1.33200002,1
252,252,480206400012933,97213718,2458726.6358878645,58726.1371875,17.371349300000002,0.024466594700000004,0,zr,234.5481161,3.0278572,3.76699996,0.411000013,20190831137188,480,0x6,0x4,20.7900009,26.16115,0.0271850526,0.107204698,9.59818499e-06,30,1.42900002,1
253,253,480206400012933,111954203,2458874.040698349,58873.542037,17.342632300000002,0.024057576400000003,0,zr,234.5481539,3.0278673,4.40999985,0.375999987,20200125541921,480,0x6,0x4,21.239999800000003,26.3039951,0.0300450977,0.101539023,1.20133727e-05,30,1.31799996,1
254,254,480206400012933,112554237,2458880.0415791604,58879.5423727,16.9519157,0.0195323732,0,zr,234.54818340000003,3.0277647,0.796000004,0.0710000023,20200131542373,480,0x6,0x4,19.1800003,26.3014851,0.0474368781,0.116183855,4.00597855e-05,30,1.25100005,1
255,255,480206400012933,113449978,2458888.9998180005,58888.4997801,17.3256836,0.0238216072,0,zr,234.5482059,3.0278866,1.40600002,0.118000001,20200209499676,480,0x6,0x4,19.5499992,26.3208656,0.038710393,0.114297941,2.05537108e-05,30,1.32500005,1
256,256,480206400012933,114052524,2458895.0258434443,58894.5252431,17.369556399999997,0.0244407132,0,zr,234.54815449999998,3.0278768,3.07500005,0.308999985,20200215525243,480,0x6,0x4,20.5599995,26.327123600000004,0.0252008084,0.10122025,8.40399571e-06,30,1.18599999,1
257,257,480206400012933,114551859,2458900.0196628184,58899.5185995,17.315877899999997,0.023686898900000003,0,zr,234.5481874,3.0278726000000002,3.18199992,0.372000009,20200220518588,480,0x6,0x4,21.2999992,26.30406,0.0284327455,0.103757188,1.07330943e-05,30,1.17299998,1
258,258,480206400012933,115050413,2458905.0056507904,58904.5041319,17.355585100000006,0.0242406093,0,zr,234.548121,3.0278505,4.21799994,0.4029999970000001,20200225504074,480,0x6,0x4,21.2299995,26.2987595,0.0307871886,0.102280803,1.27418916e-05,30,1.17400002,1
259,259,480206400012933,115448700,2458908.988877895,58908.4870023,17.3607407,0.024314129700000003,0,zr,234.54815770000002,3.0278678,3.54399991,0.335999995,20200229487002,480,0x6,0x4,21.239999800000003,26.2951336,0.028754264100000006,0.100382395,1.09104894e-05,30,1.18599999,1
260,260,480206400012933,115749774,2458911.999882908,58911.4977431,17.1621056,0.0217401292,0,zr,234.54812740000003,3.0279093999999995,0.930000007,0.00100000005,20200303497720,480,0x6,0x4,20.0799999,26.2748852,0.0361255445,0.103044145,1.77000838e-05,30,1.15600002,1
261,261,480206400012933,116051993,2458915.022330108,58914.5199306,17.1780052,0.0219275746,0,zr,234.5481543,3.0278598999999997,4.2249999,0.273999989,20200306519931,480,0x6,0x4,21.8099995,26.3080788,0.0339516662,0.0983613133,1.5230361e-05,30,1.14199996,1
262,262,480206400012933,118243940,2458936.943468551,58936.4394097,17.252512,0.022847753,0,zr,234.54815109999998,3.0278647000000003,4.28599977,0.367000014,20200328439410,480,0x6,0x4,21.5499992,26.281282399999995,0.031192394,0.100959629,1.32767127e-05,30,1.14699996,1
264,264,480206400012933,118946116,2458943.965652094,58943.46116900001,17.3882885,0.0247134138,0,zr,234.54813769999998,3.027848,3.5710001000000005,0.319000006,20200404461157,480,0x6,0x4,20.9500008,26.2847767,0.0232547279,0.0999075323,7.167966030000001e-06,30,1.15400004,1
265,265,480206400012933,120739996,2458961.905236888,58961.3999653,17.1352081,0.0214299094,0,zr,234.5481557,3.0278742999999997,1.06299996,-0.0280000009,20200422399965,480,0x6,0x4,20.0699997,26.2430077,0.0391619094,0.10063035,2.09318823e-05,30,1.14499998,1
266,266,480206400012933,121040358,2458964.908946446,58964.403588,17.1944637,0.0221248772,0,zr,234.54815530000002,3.0278796000000003,3.8670001,0.305000007,20200425403576,480,0x6,0x4,21.6399994,26.2943592,0.0209636819,0.101068988,5.72498311e-06,30,1.15400004,1
267,267,480206400012933,121335878,2458967.864215279,58967.3587847,17.311821,0.0236315578,0,zr,234.548137,3.0278749,4.36899996,0.361000001,20200428358762,480,0x6,0x4,21.4699993,26.2941494,0.0306963511,0.0922850892,1.22538941e-05,30,1.14400005,1
268,268,480206400012933,121635837,2458970.8638697374,58970.3583796,17.344497699999998,0.0240837783,0,zr,234.54816769999996,3.0278848,3.82999992,0.481999993,20200501358333,480,0x6,0x4,21.2199993,26.327831300000003,0.0252767615,0.110512756,8.25159259e-06,30,1.14199996,1
269,269,480206400012933,122231571,2458976.821284973,58976.3157176,17.5075169,0.0265723933,0,zr,234.54818340000003,3.0278644,2.3210001,0.39199999,20200507315718,480,0x6,0x4,19.6000004,26.3689137,0.0375136621,0.112078302,1.97864847e-05,30,1.16199994,1
270,270,480206400012933,122531667,2458979.822263753,58979.3166782,17.339094199999998,0.0240079872,0,zr,234.5481666,3.0278945,3.80599999,0.372999996,20200510316644,480,0x6,0x4,20.6399994,26.2866001,0.0249949358,0.104238898,8.27864187e-06,30,1.15100002,1
271,271,480206400012933,123127333,2458985.778913611,58985.27333330001,17.2938576,0.0233891942,0,zr,234.5481305,3.0278642000000002,3.92799997,0.328999996,20200516273333,480,0x6,0x4,21.1299992,26.2804375,0.0337303467,0.103305429,1.49047946e-05,30,1.19400001,1
272,272,480206400012933,123729149,2458991.797012316,58991.2914931,17.1852074,0.0220135041,0,zr,234.54817889999998,3.027893,3.08800006,0.287,20200522291493,480,0x6,0x4,21.5300007,26.3141727,0.0301552713,0.100121714,1.18622038e-05,30,1.14499998,1
273,273,480206400012933,124031223,2458994.817701376,58994.3122338,17.0337715,0.0203348249,0,zr,234.5482038,3.0278702,3.43400002,0.273999989,20200525312234,480,0x6,0x4,21.7199993,26.3115463,0.0307518803,0.0936854407,1.2445038e-05,30,1.14600003,1
274,274,480206400012933,124429702,2458998.802403875,58998.2970255,17.0259094,0.0202547051,0,zr,234.54820350000003,3.027899,3.40899992,0.338999987,20200529297025,480,0x6,0x4,21.6299992,26.3169136,0.0280690696,0.0989196151,1.02394069e-05,30,1.14400005,1
275,275,480206400012933,124725833,2459001.7636301564,59001.25833330001,17.101532000000002,0.0210534539,0,zr,234.54818419999998,3.0278791000000003,3.33200002,0.352999985,20200601258333,480,0x6,0x4,20.7999992,26.2704544,0.0253224634,0.101971187,8.42324698e-06,30,1.14999998,1
276,276,480206400012933,125127547,2459005.7806405593,59005.2754745,17.067398100000002,0.020685086,0,zr,234.5482024,3.0278846,3.00300002,0.273999989,20200605275475,480,0x6,0x4,20.0900002,26.3919125,0.0335239433,0.0991450995,1.5060773900000004e-05,30,1.14300001,1
278,278,480206400012933,125725505,2459011.7599874577,59011.2550579,17.1791954,0.0219417401,0,zr,234.5482025,3.027858,4.10300016,0.55400002,20200611255058,480,0x6,0x4,21.5,26.3042374,0.0303974953,0.0987834409,1.21455068e-05,30,1.14100003,1
279,279,480206400012933,126023479,2459014.739585311,59014.23479169999,17.2377701,0.0226601157,0,zr,234.5482122,3.0278807,3.1400001,0.425999999,20200614234792,480,0x6,0x4,21.4099998,26.3620872,0.0287348777,0.0984209031,1.0868722699999996e-05,30,1.14199996,1
280,280,480206400012933,126325510,2459017.7597481455,59017.25510419999,17.128116600000002,0.02134954,0,zr,234.5482135,3.0278822999999995,2.85299993,0.34799999,20200617255104,480,0x6,0x4,21.4699993,26.331054700000006,0.0385684408,0.0969781876,1.96384117e-05,30,1.14999998,1
281,281,480206400012933,126625171,2459020.7561970083,59020.251713,17.1661186,0.021787148,0,zr,234.54811719999998,3.027936,3.72199988,0.307999998,20200620251667,480,0x6,0x4,21.670000100000006,26.3127575,0.0365713499,0.0961461365,1.7645652399999998e-05,30,1.15499997,1
282,282,480206400012933,126919515,2459023.699466732,59023.195150499996,17.120067600000002,0.021259032200000003,0,zr,234.5481891,3.0278735,3.46700001,0.360000014,20200623194780,480,0x6,0x4,21.6200008,26.3451118,0.0300052129,0.0965202749,1.1932575e-05,30,1.153,1
284,284,480206400012933,127521297,2459029.7169166687,59029.2129745,17.2287407,0.0225465503,0,zr,234.5481475,3.0278972,2.42600012,0.219999999,20200629212975,480,0x6,0x4,20.420000100000006,26.3386993,0.0245975796,0.112976283,7.91981347e-06,30,1.14400005,1
285,285,480306400024687,47833565,2458232.8409744203,58232.3356597,16.865394600000002,0.0169724058,0,zi,234.5481613,3.0278844,3.44099998,0.4350000020000001,20180424335648,480,0x6,0x4,20.7900009,25.7383957,0.021508911600000003,0.193458617,9.41379585e-06,30,1.19299996,2
286,286,480306400024687,49227395,2458246.779529404,58246.27395830001,16.925907100000003,0.0174393225,0,zi,234.5481662,3.0279230999999998,3.94799995,0.412,20180508273912,480,0x6,0x4,20.5100002,25.722906100000003,0.0220672693,0.194351405,1.03725943e-05,30,1.26100004,2
287,287,480306400024687,50727231,2458261.77782618,58261.2723148,16.9636612,0.0177461877,0,zi,234.5482287,3.0279352999999998,3.19099998,0.419999987,20180523272280,480,0x6,0x4,20.3799992,25.68466,0.0241889618,0.196306601,1.21733319e-05,30,1.16499996,2
289,289,480306400024687,51835458,2458272.859830563,58272.35458330001,16.913559,0.0173415896,0,zi,234.5481862,3.0279112,4.07399988,0.400000006,20180603354572,480,0x6,0x4,20.4400005,25.7065582,0.0229630675,0.193529487,1.12191501e-05,30,1.29900002,2
290,290,480306400024687,52329395,2458277.7990304385,58277.293958300004,16.8916759,0.0171715003,0,zi,234.5481174,3.0279847,3.47300005,0.379000008,20180608293600,480,0x6,0x4,20.7099991,25.7076759,0.0218961146,0.169678688,9.85832321e-06,30,1.16900003,2
291,291,480306400024687,52729469,2458281.799604441,58281.29469909999,16.8720703,0.017022449499999998,0,zi,234.5481605,3.0279038,3.91899991,0.361999989,20180612294630,480,0x6,0x4,21.0,25.7300701,0.0182175655,0.188318819,6.37667245e-06,30,1.19000006,2
292,292,480306400024687,53219204,2458286.6967205345,58286.192048599994,16.9669647,0.0177736189,0,zi,234.5481476,3.0278549999999997,3.11599994,0.187999994,20180617192037,480,0x6,0x4,20.3999996,25.7329636,0.0218095463,0.189794943,9.62008835e-06,30,1.18700004,2
293,293,480306400024687,53617256,2458290.6770290826,58290.1725694,16.9898415,0.0179662332,0,zi,234.54816040000003,3.0279321,1.69700003,0.115999997,20180621172558,480,0x6,0x4,19.8099995,25.7048416,0.0320013985,0.169548333,2.11367569e-05,30,1.20700002,2
294,294,480306400024687,54132972,2458295.8338787016,58295.329722200004,16.957576800000002,0.0176959038,0,zi,234.548168,3.0278801,3.08200002,0.374000013,20180626329722,480,0x6,0x4,20.110000600000006,25.7085781,0.0257916059,0.187991858,1.3063777300000004e-05,30,1.53400004,2
295,295,480306400024687,54817093,2458302.6746465503,58302.1709375,17.0403175,0.0184078477,0,zi,234.54803379999998,3.0280467,1.07500005,0.0460000001,20180703170903,480,0x6,0x4,19.4799995,25.737318,0.0364164226,0.165806755,2.75567818e-05,30,1.15600002,2
296,296,480306400024687,57815795,2458332.659239444,58332.157951400004,16.993476899999994,0.0179972742,0,zi,234.5481355,3.0279115,3.14899993,0.32400000100000004,20180802157940,480,0x6,0x4,20.239999800000003,25.6664772,0.0255684238,0.181711167,1.2883427199999996e-05,30,1.20099998,2
297,297,480306400024687,79345781,2458547.9600574723,58547.4578125,16.916147199999994,0.017361970600000002,0,zi,234.5481313,3.0278959999999997,3.21300006,0.34799999,20190305457813,480,0x6,0x4,20.8400002,25.714147600000004,0.0196208991,0.19774659,8.08589539e-06,30,1.23099995,2
299,299,480306400024687,81446201,2458568.965892281,58568.4620139,16.8578491,0.0169162676,0,zi,234.548173,3.0278753,3.25300002,0.238000005,20190326461956,480,0x6,0x4,20.5200005,25.6458492,0.0276754163,0.185037836,1.61509397e-05,30,1.14199996,2
302,302,480306400024687,82739300,2458581.897664857,58581.39300930001,16.903816199999998,0.017265373799999997,0,zi,234.54812760000002,3.0278624,3.13700008,0.400999993,20190408392998,480,0x6,0x4,20.4500008,25.4048157,0.0219443217,0.191791058,1.00828984e-05,30,1.16799998,2
303,303,480306400024687,83335239,2458587.85733692,58587.35239580001,16.9444065,0.0175881647,0,zi,234.5481562,3.0278812000000004,3.31299996,0.409999996,20190414352384,480,0x6,0x4,20.0900002,25.3674068,0.0308252182,0.19364813,2.05820616e-05,30,1.22000003,2
304,304,480306400024687,83731574,2458591.820844357,58591.315740699996,17.002050399999998,0.0180709343,0,zi,234.54815770000002,3.0279019,1.66299999,0.17000000199999998,20190418315741,480,0x6,0x4,19.2099991,25.506050100000003,0.0380779915,0.1873831,3.2012449100000004e-05,30,1.31400001,2
305,305,480306400024687,84237714,2458596.882419654,58596.37714119999,16.9263191,0.017442612,0,zi,234.5481815,3.0278737000000002,3.47300005,0.409000009,20190423377141,480,0x6,0x4,20.2900009,25.6853199,0.0236665271,0.192658737,1.21459707e-05,30,1.14300001,2
306,306,480306400024687,85327957,2458607.785096656,58607.279571800005,16.9219379,0.0174077749,0,zi,234.5481332,3.0278818,3.79699993,0.476000011,20190504279572,480,0x6,0x4,20.9099998,25.657938,0.0200765599,0.185814351,8.65764287e-06,30,1.28199995,2
307,307,480306400024687,86231672,2458616.822314464,58616.3167245,16.8455524,0.016825756100000002,0,zi,234.5481644,3.0279242,4.83400011,0.425999999,20190513316690,480,0x6,0x4,20.7299995,25.637552300000007,0.0201913659,0.192955539,9.02657303e-06,30,1.14699996,2
308,308,480306400024687,87342071,2458627.926214496,58627.4207176,16.9592094,0.017709361399999998,0,zi,234.5481733,3.0279361000000002,3.41799998,0.340000004,20190524420718,480,0x6,0x4,20.739999800000003,25.6462097,0.0217226632,0.189421877,1.00951138e-05,30,1.528,2
309,309,480306400024687,88229428,2458636.799570701,58636.2942824,16.8874454,0.0171390716,0,zi,234.5481435,3.0278565,3.49900007,0.372999996,20190602294248,480,0x6,0x4,20.8500004,25.6584454,0.022038877,0.187258095,1.02734366e-05,30,1.148,2
310,310,480306400024687,88629395,2458640.7991146767,58640.293958300004,17.0523376,0.0185164604,0,zi,234.5481692,3.027879,4.07000017,0.6830000279999999,20190606293924,480,0x6,0x4,20.8099995,25.6653385,0.0236560553,0.186259165,1.23761884e-05,30,1.15799999,2
311,311,480306400024687,89023148,2458644.736485892,58644.231481500006,16.9344063,0.0175073426,0,zi,234.54814669999996,3.0278856,3.19499993,0.393000007,20190610231447,480,0x6,0x4,20.6000004,25.681406,0.0219308902,0.181989864,1.01055466e-05,30,1.15400004,2
312,312,480306400024687,89823124,2458652.735881513,58652.23125,17.0024948,0.0180747733,0,zi,234.54819139999998,3.0278887,2.82500005,0.308999985,20190618230984,480,0x6,0x4,19.989999800000003,25.6544952,0.029544767000000006,0.182534248,1.89956718e-05,30,1.14199996,2
313,313,480306400024687,90517405,2458659.6782936286,58659.17405090001,16.8952217,0.017198788,0,zi,234.54814580000001,3.0279032999999997,3.54200006,0.370000005,20190625174028,480,0x6,0x4,20.5900002,25.6652222,0.0215112939,0.187951982,1.07096121e-05,30,1.17799997,2
